restaurant_name,sandwich_name,category,is_featured,image_url,nyt_link,address,website,price,description
Your nearest bodega,"Bacon, egg and cheese",Breakfast Bangers,1,,https://www.nytimes.com/shared/v2/interactive/2024/dining/best-nyc-sandwiches/your-nearest-bodega.html,,,,"In New York City, there is no single bacon, egg and cheese to rule them all. Whichever B.E.C. you’re eating in that moment is the best one. You dig into one as a means to start your day or to battle a hangover or to simply fulfill a craving for the most satisfying combination of ingredients known to man. To love the B.E.C. is to exist on a continuum of past, present and future bacon, egg and cheeses — all of them just around the corner or down the block from wherever you are right now. NIKITA RICHARDSON"
C&B,Chorizo egg sandwich,Breakfast Bangers,0,https://static01.nytimes.com/newsgraphics/2024-05-21-sandwich/_images/breakfast2-@@-300.webp,https://www.nytimes.com/shared/v2/interactive/2024/dining/best-nyc-sandwiches/cb.html,178 East Seventh Street (Avenue B),https://www.instagram.com/candbnyc,13,"Many people wouldn’t guess that C & B, by the looks of it, serves some of the finest sandwiches in the city. Ali Sahin’s tiny cafe has been located for nearly a decade on the south side of Tompkins Square Park in the East Village, serving breakfast sandwiches that exemplify why New Yorkers love breakfast sandwiches: they’re simple as can be, but every component is on point. Lining up for a weekend breakfast sandwich there feels a little like being at a model casting — one wonders if the name is a play on “see and be seen” — but ordering well is a great equalizer: a fat, rich chorizo patty straight off the griddle and wobbly scrambled eggs, all piled high on an housemade roll to soak up the sausage’s spiced fat. BECKY HUGHES"
Radio Bakery,Smoked salmon sandwich,Breakfast Bangers,0,https://static01.nytimes.com/newsgraphics/2024-05-21-sandwich/_images/onlyny7-@@-300.webp,https://www.nytimes.com/shared/v2/interactive/2024/dining/best-nyc-sandwiches/radio-bakery.html,135 India Street (Manhattan Avenue),https://www.radiobakery.nyc/,15,"New York is no stranger to smoked salmon — we’re practically aswim in lox — but it usually arrives in sandwich form on a bagel. Not so at the popular Radio Bakery in Greenpoint, where the pastry chef Kelly Mencin serves smoked salmon with a schmear of whipped cream cheese seasoned with pickled red onions and dill, all sandwiched between airy, crispy, everything-seasoned focaccia The bread recipe was perfected by Rafiq Salim, a partner here and a Gramercy Tavern vet, but the idea to serve it in this inventive, satisfying form is all Ms. Mencin’s. On weekends, the sandwich tends to sell out well before 11 a.m., but hopefully that won’t be an issue when a second Radio Bakery opens in Prospect Heights later this year. NIKITA RICHARDSON"
Edith’s,BEC&L,Breakfast Bangers,0,https://static01.nytimes.com/newsgraphics/2024-05-21-sandwich/_images/breakfast3-@@-300.webp,https://www.nytimes.com/shared/v2/interactive/2024/dining/best-nyc-sandwiches/ediths.html,495 Lorimer Street (Powers Street),https://edithsbk.com/,14,"Elyssa Heller is a pandemic pop-up success story. She started selling hand-rolled bagels and dishes inspired by the Jewish diaspora out of Paulie Gee’s pizzeria in 2020 before opening Edith’s Sandwich Counter in Williamsburg, where the menu is tight but clever: egg sandwiches on bagels, breakfast wraps on Yemeni flatbread and deli classics like tuna melts and pastrami on rye. Their most popular sandwich is the bacon, egg and cheese on a bagel, the platonic ideal of hangover food, with an added latke layer. It may not be kosher, but it’s texturally thrilling — the bagel chewy, eggs impossibly fluffy, the latke doing that crunchy-outside, creamy-inside thing that will cure what ails you. BECKY HUGHES"
Daily Provisions,The Lumberjack,Breakfast Bangers,0,https://static01.nytimes.com/newsgraphics/2024-05-21-sandwich/_images/breakfast5-@@-300.webp,https://www.nytimes.com/shared/v2/interactive/2024/dining/best-nyc-sandwiches/daily-provisions.html,Multiple locations,https://www.dailyprovisionsnyc.com/,12,"So many portmanteau foods can go horribly wrong: the cookie croissant, the everything doughnut, the Nutella calzone. But at Daily Provisions, the mash-up of its celebrated bacon, egg and cheese sandwich and its cult-favorite maple cruller tastes very, very right. The housemade peppery bacon and runny egg work with the maple glaze, as if you’ve swiped the egg and bacon from your lumberjack breakfast through the syrup on the pancake side of the plate. JULIA MOSKIN"
Shelsky’s Brooklyn Bagels,The Newhouse,Breakfast Bangers,0,https://static01.nytimes.com/newsgraphics/2024-05-21-sandwich/_images/deli6-@@-300.webp,https://www.nytimes.com/shared/v2/interactive/2024/dining/best-nyc-sandwiches/shelskys-brooklyn-bagels.html,453 Fourth Avenue (10th Street),https://www.shelskys.com/,18,"Bialys and sable can seem like afterthoughts on a bagel-store menu, the oft-overlooked urchins only a Jewish mother could love, and so often overshadowed by their powerhouse cousins, bagels and lox. But at Shelsky’s, these two stalwarts shine magnificently in the Newhouse sandwich. Made from toasted, housemade bialys and translucent slivers of wild Alaskan smoked sable, the sandwich is rounded out with scallion cream cheese for plushness, and sliced tomato for a touch of juicy sweetness. It’s an if-you-know-you-know combination that aficionados of appetizing might build for themselves from a bat mitzvah brunch platter, but it’s rarely seen preconstructed in the wild. For smoked fish lovers, this is a real opportunity to kvell. MELISSA CLARK"
Little Egg,Egg katsu sando,Breakfast Bangers,0,https://static01.nytimes.com/newsgraphics/2024-05-21-sandwich/_images/breakfast1-@@-300.webp,https://www.nytimes.com/shared/v2/interactive/2024/dining/best-nyc-sandwiches/little-egg.html,657 Washington Avenue (St. Marks Avenue),http://www.eggrestaurant.com/,17,"We’re living in a golden age of katsu sandos in New York. Still, it’s worth a special visit to Little Egg for its take, which shines thanks to, well, the egg. The sandwich is inspired by a fried tamago that the chef Evan Hanczor first encountered in Tokyo — where he owns another restaurant. The eggs are cooked in a water bath at a low temperature, giving them their custardy texture, then sliced into planks and fried in a mixture of flour and panko. The end result is impossibly fluffy and tender yet crispy, and tastes even more luxurious in a brioche bun, embellished with a punchy yuzu kosho, pickled shallot mayo and arugula. PRIYA KRISHNA"
Kennedy International Airport Terminal 4,Shake Shack breakfast sandwich,Breakfast Bangers,0,https://static01.nytimes.com/newsgraphics/2024-05-21-sandwich/_images/breakfast4-@@-300.webp,https://www.nytimes.com/shared/v2/interactive/2024/dining/best-nyc-sandwiches/kennedy-international-airport-terminal-4.html,"Kennedy International Airport, Terminal 4",https://shakeshack.com/location/jfk-airport-nyc#/,5,"Few people head to the airport for an early-morning flight expecting a breakfast any better than a stale bagel or a granola bar. But the passengers flying out of Terminal 4 at Kennedy have grown accustomed to something much better. Here, the ubiquitous burger chain Shake Shack serves its far less ubiquitous breakfast menu, including a simple yet elegantly constructed egg and cheese sandwich: silken eggs with crisp edges, a slice of American cheese and a squishy burger bun. For several months in 2013, this was the only Shake Shack in the world that offered a breakfast sandwich. Now the morning offerings have expanded to other locations, including Grand Central Terminal, and the menu has more zhuzhed-up egg sandwiches including a version with bacon and tater tots, but the sheen of Terminal 4’s pioneer status remains. PRIYA KRISHNA"
Faicco’s Italian Specialties,The Italian,Hero Worship,1,,https://www.nytimes.com/shared/v2/interactive/2024/dining/best-nyc-sandwiches/faiccos-italian-specialties.html,,,,"In 1998, Eddie Faicco, the fourth-generation owner of the nearly century-old Faicco’s Pork Store in the West Village, took over from his uncle and noticed that customers were far more interested in prepared food than the meats and cured sausages they had sold for decades. He later renamed the store Faicco’s Italian Specialties, and decided to introduce the mammoth sandwiches the shop is now known for. The shop’s most popular offering, the Italian hero, starts with crusty Italian bread from Mona Lisa Bakery in Dyker Heights, and is stuffed to the brim with freshly sliced prosciutto from Italy, Italian cappy-style ham from Boar’s Head, sweet soppressata, and mozzarella cheese that’s made at the shop. Iceberg lettuce, as thin as shredded paper, is piled on, along with tomatoes, roasted red peppers, salt, pepper, olive oil and a splash of red-wine vinegar. CHRISTINA MORALES"
Mama’s Too!,Chicken Parm hero,Hero Worship,0,https://static01.nytimes.com/newsgraphics/2024-05-21-sandwich/_images/italian3-@@-300.webp,https://www.nytimes.com/shared/v2/interactive/2024/dining/best-nyc-sandwiches/mamas-too.html,Multiple locations,http://mamastoo.com/,20,"Frank Tuttolomondo grew up in the Upper West Side slice shop his grandmother opened in 1959, but it was only after he went out on his own, mastered the New York slice and created a legendary pepperoni square, that he turned to hot heroes. His chicken Parms are giant torpedoes, overstuffed and quick-blasted in the pizza oven. The housemade sesame rolls have the signature savory, extra-browned crust of Mama’s Too pizza; even more impressive, so does the chicken cutlet. The basic chicken Parm with marinara sauce and mozzarella is top-notch; his new variation, with creamy stracciatella, vodka sauce and a bright dribble of pesto, is quickly approaching modern classic status. JULIA MOSKIN"
Casa Della Mozzarella,The Casa,Hero Worship,0,https://static01.nytimes.com/newsgraphics/2024-05-21-sandwich/_images/italian6-@@-300.webp,https://www.nytimes.com/shared/v2/interactive/2024/dining/best-nyc-sandwiches/casa-della-mozzarella.html,604 East 187th Street (Arthur Avenue),https://www.instagram.com/casadellamozzarella/,9,"At just 31 years old, Casa Della Mozzarella is downright youthful compared with some of its weathered neighbors along Arthur Avenue in the Bronx. But in a world of monster hero purveyors (see: other entries in this category), this Italian deli opts for simplicity. The house sandwich, also called the Casa, is little more than ciabatta or a hero filled with sun-dried tomatoes, prosciutto, balsamic vinegar glaze and mozzarella di bufala. Emphasis on the mozzarella — taut, shiny, white blobs of salty goodness made fresh daily in the house that mozzarella built. NIKITA RICHARDSON"
Defonte’s Sandwich Shop,"Egg, potato and cheese hero",Hero Worship,0,https://static01.nytimes.com/newsgraphics/2024-05-21-sandwich/_images/classics1-@@-300.webp,https://www.nytimes.com/shared/v2/interactive/2024/dining/best-nyc-sandwiches/defontes-sandwich-shop.html,379 Columbia Street (Luquer Street),https://www.instagram.com/defontes1922/?hl=en,9,"Before pistachio cream, wild arugula and hot honey came along, Italian American sandwich shops made their reputations with humbler materials. Fillings don’t get much more basic than roasted potato cubes, scrambled eggs and mozzarella stuffed into a hero roll, yet few sandwiches are as fortifying, economical or versatile as this $8.95 staple (or its sibling, the hero Defonte’s makes with eggs, peppers and mozzarella). Both are as welcome today as they must have been back when the Red Hook docks were in full swing; they’re sandwiches made for hungry stevedores. PETE WELLS"
Regina’s Grocery,Uncle Rocco,Hero Worship,0,https://static01.nytimes.com/newsgraphics/2024-05-21-sandwich/_images/deli1-@@-300.webp,https://www.nytimes.com/shared/v2/interactive/2024/dining/best-nyc-sandwiches/reginas-grocery.html,Multiple locations,http://reginasgrocery.com,18,"What does an Italian deli look like in 2024? At Regina’s Grocery, a small chain of Italian sandwich shops from Roman Grandinetti, a native of Bensonhurst, it looks like breaking up with Boar’s Head and forgoing gut-busting mega-sandwiches for better ingredients in a slightly smaller but no less delicious package. The Uncle Rocco, a caper-dotted Italian tuna sandwich served on a hero with mozzarella, roasted red peppers, spicy Calabrian pepper paste and arugula, is oily perfection. NIKITA RICHARDSON"
Filoncino Cafe,The SoHo,Hero Worship,0,https://static01.nytimes.com/newsgraphics/2024-05-21-sandwich/_images/italian5-@@-300.webp,https://www.nytimes.com/shared/v2/interactive/2024/dining/best-nyc-sandwiches/filoncino-cafe.html,4569 Amboy Road (Retford Avenue),http://filoncino.com/,15,"Royal Crown Bakery is to Staten Island what Junior’s is to Brooklyn, sitting squarely at the center of every kind of celebration from first birthdays to retirement parties. Though the original location was in Bensonhurst, its arrival on the island heralded a new love affair with freshly baked stirato and all manner of buttery Italian cookies. You can always get a chicken cutlet sandwich at Royal Crown, but the sandwich is nearer to perfection at the bakery’s offshoot cafe on the south shore, where oozy mozzarella and a tangy-sweet balsamic vinegar glaze soak into a crisp chicken cutlet swaddled in freshly baked bread. It’s so simple, so effective and a superlative version of an old-school sandwich. NIKITA RICHARDSON"
Alidoro,Michelangelo,Hero Worship,0,https://static01.nytimes.com/newsgraphics/2024-05-21-sandwich/_images/italian1-@@-300.webp,https://www.nytimes.com/shared/v2/interactive/2024/dining/best-nyc-sandwiches/alidoro.html,Multiple locations,https://www.alidoronyc.com/,14,"You can throw a dart at Alidoro’s menu blindfolded and hit an excellent sandwich. When your eyes are uncovered, though, look closely at the ones made with prosciutto. Alidoro understands that prosciutto needs to be sliced and folded with care so when you bite down it doesn’t come zooming out of the bread in a big, stringy pink wad. On our more Spartan days, we gravitate toward the Galileo, which augments the ham with fresh mozzarella and nothing else. When we’re seeking thrills, we like the Alidoro, which buries the prosciutto under sweet peppers, hot peppers, arugula leaves and curls of shaved fennel, all inside bread slathered with mushroom paste and spicy-chile spread. But when life hasn’t pushed us to either extreme, we heed the call of the Michelangelo: provolone and hot peppers with arugula over layers of that meticulously arranged prosciutto. PETE WELLS"
"Sal, Kris and Charlie’s Deli",The Bomb,Hero Worship,0,https://static01.nytimes.com/newsgraphics/2024-05-21-sandwich/_images/deli5-@@-300.webp,https://www.nytimes.com/shared/v2/interactive/2024/dining/best-nyc-sandwiches/sal-kris-and-charlies-deli.html,33-12 23rd Avenue (33rd Street),https://www.facebook.com/salkrisandcharlies/,17,"In the pantheon of comically large sandwiches, the Bomb, from this tiny deli in Astoria, rules supreme. It’s not unusual to see pictures on social media of this 14-inch behemoth set next to newborns or cradled in the arms of an influencer, neither of whom is likely to finish the whole thing. With its five meats, two cheeses, two peppers and all the other hero fixings, the Bomb is ultimately a deliciously messy gimmick — and a bandwagon worth hopping on for the story alone. NIKITA RICHARDSON"
Baby Blues Luncheonette,HLT,Veg In,1,,https://www.nytimes.com/shared/v2/interactive/2024/dining/best-nyc-sandwiches/baby-blues-luncheonette.html,,,,"When Costa Damaskos moved to New York City from Australia a decade ago, it was his first exposure to the city’s Greek-owned luncheonettes and diners. So when many closed during the pandemic, he and his business partner, Jake Marsiglia, saw an opportunity to preserve an element of local history. At Baby Blues Luncheonette, they serve American classics with a Greek twist, like the HLT sandwich, a play on the BLT that is made with grilled halloumi. The cheese receives a hit of fresh lemon juice before it’s added, along with garlic aioli, crisp arugula tossed in a Greek salad dressing, slices of red onion and juicy heirloom tomatoes. It’s served between two slices of Pullman bread toasted with mayo. CHRISTINA MORALES"
Court Street Grocers,Veg-Italian Sub,Veg In,0,https://static01.nytimes.com/newsgraphics/2024-05-21-sandwich/_images/vegetarian1-@@-300.webp,https://www.nytimes.com/shared/v2/interactive/2024/dining/best-nyc-sandwiches/court-street-grocers.html,Multiple locations,http://courtstreetgrocers.com,16,"Many of the offerings at Court Street Grocers would qualify as the best sandwiches in New York City. The veg-Italian — an Italian combo that swaps the meat for a plank of roasted squash (or sweet potato, depending on the season) — stands out because it’s a vegetarian sandwich that doesn’t feel lacking. Here, the roasted vegetables, with their oiled, caramelized edges, provide the creamy, rich and slightly chewy qualities of cured meat; their sweetness nicely balances the three kinds of cheese, arugula and thin slivers of onion. Many customers have told the shop’s co-owner Eric Finkelstein that they like this version better than the meaty one. They’re right. PRIYA KRISHNA"
Sunday C&C Eatery,Crispy Chick’n,Veg In,0,https://static01.nytimes.com/newsgraphics/2024-05-21-sandwich/_images/vegetarian5-@@-300.webp,https://www.nytimes.com/shared/v2/interactive/2024/dining/best-nyc-sandwiches/sunday-cc-eatery.html,348 Bowery (Great Jones Street),https://eatatsunday.square.site/,16,"For all the talk of lab-grown beef and perfecting the veggie burger, it’s chicken that is really at the heart of the American diet. So any plant-based alternative is welcome, whether going meat-free is a choice for life or just for the day. The Crispy Chick’n sandwich at this inventive kiosk inside Bowery Market isn’t trying to imitate its meaty brethren as much as to capture its essence, which has always been about shattering crust (in this case a wheat-based patty that’s been dredged and fried) under something acidic (usually pickles, but here, salsa acevichada). NIKITA RICHARDSON"
Marlow & Sons,Scuttlebutt,Veg In,0,https://static01.nytimes.com/newsgraphics/2024-05-21-sandwich/_images/onlyny3-@@-300.webp,https://www.nytimes.com/shared/v2/interactive/2024/dining/best-nyc-sandwiches/marlow-sons.html,81 Broadway (Berry Street),https://www.marlowandsons.com/,15,"How does a sandwich becomes a classic? Born in 2009 Williamsburg at Saltie, this focaccia sandwich was meant to be a seasonally changing vegetarian option. A clean-out-the-fridge kind of sandwich that the chef Rebecca Collerton ate as a child, it had hard-boiled eggs, pickled beets and carrots, capers, olives and a mix of herbs held in check by a pimentón aioli. Ms. Collerton and her partners, Caroline Fidanza and Elizabeth Shula, couldn’t change it: “People would get very, very mad, send us angry emails and would cry,” Ms. Fidanza said. It remained a best seller until Saltie closed in 2017, a year before Ms. Collerton died from cancer. But in 2020, Ms. Fidanza brought the sandwich back as a pandemic grab-and-go option at Marlow & Sons, where the Scuttlebutt has charmed once again. SARA BONISTEEL"
Superiority Burger,Collard greens sandwich on focaccia,Veg In,0,https://static01.nytimes.com/newsgraphics/2024-05-21-sandwich/_images/vegetarian3-@@-300.webp,https://www.nytimes.com/shared/v2/interactive/2024/dining/best-nyc-sandwiches/superiority-burger.html,119 Avenue A (East Seventh Street),https://www.superiorityburger.com/,22,"For some regulars, of which there are many, Superiority Burger’s collard greens sandwich trumps the titular burger. In 2015, Brooks Headley, formerly the pastry chef at Del Posto, stirred meatless mania when he opened Superiority Burger as a tiny East Village sandwich shop. The restaurant has since moved into a much bigger space on Avenue A with a full bar and a much larger list of dishes, including the collard greens sandwich: Rich, cooked-seemingly-forever greens are held together with strands of melted Cooper sharp cheese. The sesame focaccia that contains it all is, as Pete Wells once wrote, “the object of a small cult” — it functions as a reminder of the original sandwich shop and its well-deserved frenzy. BECKY HUGHES"
Houseman,French Onion Sandwich,Veg In,0,https://static01.nytimes.com/newsgraphics/2024-05-21-sandwich/_images/vegetarian6-@@-300.webp,https://www.nytimes.com/shared/v2/interactive/2024/dining/best-nyc-sandwiches/houseman.html,508 Greenwich Street (Spring Street),http://housemanrestaurant.com/,23,"How to improve on the minimalist perfection of a grilled cheese? Extra ingredients would be superfluous to the pure harmony of melty cheese oozing from toasty, oily bread. And yet the French onion sandwich at Houseman, in Hudson Square, is the brilliant exception to prove the rule. One afternoon in 2015, the chef Ned Baldwin, inspired by gooey cheese-topped French onion soup, slid some caramelized onions he had on hand for a burger in between slices of brioche and funky raclette cheese. He griddled it and served it for staff meal, where it was such a hit that he moved it to the lunch menu — with a few canny tweaks. Now the sandwich is seasoned with grainy mustard for tang and maple syrup for sweetness, and the brioche is coated in Parmesan, then crisped, frico-like, in the hot pan. It’s a maximalist grilled cheese that manages to keep its balance. MELISSA CLARK"
Spring Cafe,Vegan BBQ pork bao bun,Veg In,0,https://static01.nytimes.com/newsgraphics/2024-05-21-sandwich/_images/vegetarian4-@@-300.webp,https://www.nytimes.com/shared/v2/interactive/2024/dining/best-nyc-sandwiches/spring-cafe.html,153d Centre Street (Canal Street),https://springcafenyc.com/,6,"Defying New York City’s reputation for a lack of hospitality, Spring Cafe draws a clientele often greeted by name. (“No smoothie today, Cindy?”) Though they occupy a modest amount of space on an eclectic vegan menu, the bao buns are some of the best deals in the city, priced at two for $10.95. The most popular one, the vegan barbecue pork bao, folds brittle-edged, caramelized coins of deep-fried seitan into puffy buns, along with cool rounds of cucumber, crisp iceberg lettuce and a swipe of the house barbecue sauce, which tastes like hoisin with nuance, more spice than sweetness. Easily clutched and devoured on the go, this sandwich is all texture — cool, crisp, crunch on a cloud of yeasted dough — and delivers a hint of five-spice that lingers. ALEXA WEIBEL"
Aunts et Uncles,Vegan lobster roll,Veg In,0,https://static01.nytimes.com/newsgraphics/2024-05-21-sandwich/_images/vegetarian2-@@-300.webp,https://www.nytimes.com/shared/v2/interactive/2024/dining/best-nyc-sandwiches/aunts-et-uncles.html,1407 Nostrand Avenue (Martense Street),https://auntsetuncles.com/,17,"As you might have guessed, there is absolutely no lobster in the vegan lobster roll at Aunts et Uncles in Flatbush. But you’ll be surprised by how close vegan mayo-smothered hearts of palm mixed with diced red onions and served in a toasted pretzel bun can come. Also, have you seen the price of lobster lately? NIKITA RICHARDSON"
Katz’s Delicatessen,Pastrami on rye,Pastrami City,1,,https://www.nytimes.com/shared/v2/interactive/2024/dining/best-nyc-sandwiches/katzs-delicatessen.html,,,,"Best pastrami on rye in the city? Not the one at Katz’s, built on bland, flimsy rye that would probably fall apart even if it weren’t tasked with holding a hot stack of cured meat the size of an armadillo. But to paraphrase the Gospel, a Lower East Side delicatessen does not live by bread alone. Bits of what in theater is called “business” are more than half the pleasure: the ticket, the turnstile, the wait at the counter, the pepper-crusted preview slice offered for your approval, the cash tips you stuff into a plastic quart takeout tub. Pastrami ordered and eaten at Katz’s is both a meal and a ceremony, one that can turn tourists into New Yorkers and New Yorkers into tourists. PETE WELLS"
Frankel’s Delicatessen & Appetizing,"Pastrami, egg and cheese",Pastrami City,0,https://static01.nytimes.com/newsgraphics/2024-05-21-sandwich/_images/pastrami1-@@-300.webp,https://www.nytimes.com/shared/v2/interactive/2024/dining/best-nyc-sandwiches/frankels-delicatessen-appetizing.html,631 Manhattan Avenue (Nassau Street),https://frankelsdelicatessen.com/,14,"At his deli in Greenpoint, Zach Frankel has taken a classic New York-style bacon-egg-and-cheese sandwich and given it an update. He started out by simply substituting housemade pastrami for the bacon, yet this re-engineering took more than just swapping out the meats. In the original sandwich the wavy, textured bacon grips the eggs and holds them in place. But Mr. Frankel found that his thin slices of pastrami slipped around too much, sliding off the egg and out of the roll. So he cut the pastrami into thick, soft chunks that sink securely into the fluffy cloud of scrambled eggs. Each mouthful yields just the right combination of silky egg; smoky, gently spiced meat; and melty pulls of American cheese — and it all stays put. MELISSA CLARK"
Shalom Japan,Wagyu pastrami sando,Pastrami City,0,https://static01.nytimes.com/newsgraphics/2024-05-21-sandwich/_images/pastrami3-@@-300.webp,https://www.nytimes.com/shared/v2/interactive/2024/dining/best-nyc-sandwiches/shalom-japan.html,310 South Fourth Street (Rodney Street),https://shalomjapannyc.com/,23,"Shalom Japan’s Wagyu pastrami sando has just three components — bread, meat, mustard — but its elemental ingredient list fails to reflect its complexity. Sawako Okochi and Aaron Israel, co-chefs and co-owners of this Williamsburg restaurant, start with Wagyu beef brisket, prized for its marbled fat. They separate the flat and the deckle, which cook at different rates, and brine them with salt, brown sugar, peppercorns and coriander for about two weeks. Next rubbed with black pepper, coriander, paprika, garlic powder and ground nori, the brined meat is smoked over cherry wood, then steamed until tender. Sliced into heftier pieces than your average pastrami, the meat melts in your mouth. It’s tucked into delicate, untoasted shokupan with caraway seeds — a nod to rye — and just enough Gulden’s mustard to remind you you’re alive. ALEXA WEIBEL"
Liebman’s Deli,The No. 7,Pastrami City,0,https://static01.nytimes.com/newsgraphics/2024-05-21-sandwich/_images/pastrami2-@@-300.webp,https://www.nytimes.com/shared/v2/interactive/2024/dining/best-nyc-sandwiches/liebmans-deli.html,552 West 235th Street (Johnson Avenue),https://liebmansdeli.com/,26,"This sandwich, with layers of thinly sliced pastrami and corned beef topped with rich coleslaw and Russian dressing, isn’t unique to Liebman’s. (Though its creation may be unique to New York City — where else would Eastern European pastrami have crossed paths with Irish corned beef and a dressing invented in the United States?) Liebman’s exceptionality, rather, stems from its status as the last Jewish deli in the Bronx, a dubious honor perhaps in a city that is running short on classic delicatessens. But it’s going strong, possibly poised to last another 71 years after a second location opened last year in the Westchester County village of Ardsley. “It doesn’t matter if we’re one of 100 or we’re the last one,” said Yuval Dekel, whose Israel-born father bought the deli in 1980. “We’re kind of stubborn, we just stay the way we are.” NIKITA RICHARDSON"
Russ & Daughters Cafe,Classic bagel and lox,Gotham Greats,1,,https://www.nytimes.com/shared/v2/interactive/2024/dining/best-nyc-sandwiches/russ-daughters-cafe.html,,,,"There may be better purveyors of bagels, cream cheese and smoked salmon in New York, but there’s nowhere better to sit down to eat them than Russ & Daughters Cafe. Bathe in its glow of nostalgia for the old Lower East Side (a glowed-up version, with cocktails) while you watch the fish cutters shave transparent slices of Nova salmon. They arrive properly separated from the bagels, tomato slices, red onion, capers and cream cheese on the classic board. Unlike the bagel sandwiches sold at the original Russ & Daughters location on East Houston Street, here it’s a strictly open-faced situation. JULIA MOSKIN"
Blue Sky Deli (Hajji’s),Chopped cheese,Gotham Greats,0,https://static01.nytimes.com/newsgraphics/2024-05-21-sandwich/_images/classics5-@@-300.webp,https://www.nytimes.com/shared/v2/interactive/2024/dining/best-nyc-sandwiches/blue-sky-deli-hajjis.html,2135 First Avenue (110th Street),https://www.instagram.com/hajjis110/,8,"Much has been written about Blue Sky Deli, also known as Hajji’s, the Spanish Harlem corner deli and purported birthplace of one of the city’s most beloved sandwiches. The history is fuzzy: It was either inspired by a Yemeni dish (minus the cheese) or it was invented by Carlos Soto, a longtime employee who died in 2014. Either way, it became a phenomenon, and that is reason enough for Blue Sky’s chopped cheese to make our list. But the version served here — essentially a chopped-up patty melt with tomatoes, lettuce and onions on a fluffy roll or a fragrant hero, your choice — lives up to the hype. You’ll want to order two: one for now and one for five minutes after now. NIKITA RICHARDSON"
The Old Town Bar and Restaurant,The Governor’s Choice,Gotham Greats,0,https://static01.nytimes.com/newsgraphics/2024-05-21-sandwich/_images/classics2-@@-300.webp,https://www.nytimes.com/shared/v2/interactive/2024/dining/best-nyc-sandwiches/the-old-town-bar-and-restaurant.html,45 East 18th Street (Park Avenue South),https://oldtownbarnyc.com/,17,"The governor was George Pataki, said to have a soft spot for the combination of mushrooms and melted Muenster between dark planks of pumpernickel. If Mr. Pataki’s culinary bona fides aren’t good enough for you, maybe you’ll listen to the chef Wylie Dufresne. Mr. Dufresne has been an Old Town regular for at least three decades and an appreciator of the sandwich for almost as long. “It’s definitely simple, but smartly chosen,” he said, pointing out dairy’s affinity for mushrooms and Muenster’s ability to “melt like nobody’s business.” At his restaurant Stretch Pizza, a few blocks away, Mr. Dufresne translates the Governor’s Choice into pizza form. Like its source material, it brings to mind the flavors of Eastern Europe in the contours they assumed as naturalized citizens of New York. PETE WELLS"
Grand Central Oyster Bar,Caviar sandwich,Gotham Greats,0,https://static01.nytimes.com/newsgraphics/2024-05-21-sandwich/_images/classics4-@@-300.webp,https://www.nytimes.com/shared/v2/interactive/2024/dining/best-nyc-sandwiches/grand-central-oyster-bar.html,89 East 42nd Street (Park Avenue),https://www.oysterbarny.com/,45,"It takes a lot for a white-bread sandwich born in the 20th century to make this list. And it’s not here because the filling is a thick schmear of sustainable, domestic caviar, offset by the mildness of chopped hard-cooked egg. Or that it comes with a cool, crunchy cucumber-onion salad that — who knew? — is just what you want to eat between bites. It’s that the sandwich is a perfect expression of the art of white toast: golden but not brown, crisp but not hard, sturdy but delicate. It’s a perfect appetizer for two with a martini or Champagne, especially as a lead-in to clams and oysters from the peerless raw bar. The only pain point is its price, which has gone from about $14 in 2019, when caviar prices were at a historic low, to $45 amid today’s high demand and inflation. JULIA MOSKIN"
Roll N Roaster,Roll-n-Roast beef,Gotham Greats,0,https://static01.nytimes.com/newsgraphics/2024-05-21-sandwich/_images/classics3-@@-300.webp,https://www.nytimes.com/shared/v2/interactive/2024/dining/best-nyc-sandwiches/roll-n-roaster.html,2901 Emmons Avenue (East 29th Street),https://www.rollnroaster.com/,8,"There are many distractions at Roll N Roaster, a Sheepshead Bay mainstay since 1970. A wheel to spin on your birthday for $5, $10, $15 or $25 worth of gold Roll n Roaster coins. The “Pleezes” and “Cheezes” that litter the menu. Bottles of Moët Champagne for $59.95. But the true thrill is the Roll-n-Roast Beef, the top-selling sandwich at the shop. It’s a delight best eaten in the moment: slow-cooked beef on a sesame bun that slowly dissolves in the gravy. The sandwich arrives on a paper plate in a restaurant that is also a time capsule of another, more golden time. Truly golden. Just look at the tables, the light fixtures, the liquid Cheez. “When a place is nostalgic,” the general manager Eric Rodriguez said, “you cannot change anything.” SARA BONISTEEL"
Anthony’s Paninoteca,Do It For Johnny,‘Let Me Get Uhh…’,1,,https://www.nytimes.com/shared/v2/interactive/2024/dining/best-nyc-sandwiches/anthonys-paninoteca.html,,,,"What would New York be without its Wall Street guys turned restaurateurs? (This is, partly, a joke.) Before he left finance in 2018, Anthony Valois was a passionate home cook who competed in his share of chili cooking competitions on Staten Island. (That’s how he was discovered by the Staten Island Advance’s food editor, Pamela Silvestri.) Like so many competitive cooks before him, Mr. Valois briefly went into barbecue; but he’s found much more satisfaction in this tiny sandwich shop, where one day there might be housemade pastrami on the menu and hand-rolled meatballs the next. But this roast beef sandwich, an Italian-leaning take on French dip that substitutes mozzarella for the usual Swiss cheese, is a mainstay and reason enough to brave traffic on the Verrazano. NIKITA RICHARDSON"
Milano Market,Chicken Caesar wrap,‘Let Me Get Uhh…’,0,https://static01.nytimes.com/newsgraphics/2024-05-21-sandwich/_images/deli3-@@-300.webp,https://www.nytimes.com/shared/v2/interactive/2024/dining/best-nyc-sandwiches/milano-market.html,Multiple locations,https://www.milanomarketnyc.com/,15,"An unholy mash-up of a salad, a sandwich and a burrito, the chicken Caesar wrap is the 21st century’s contribution to the deli canon. (McDonald’s Snack Wraps, introduced in 2006, inspired countless copycats.) You can get it delivered, but some of the pleasure of this TikTok-famous sandwich is the frenzied cornucopia at Upper West Side and Upper East Side locations of Milano Market, which are filled with walls of deli meat, pyramids of panettone and the metallic clanging of tongs against bowls. Show up any time (after school is rush hour here), order your wrap toasted and admire the tong technique of the workers who toss the chunks of chicken breast (grilled or fried), romaine, shredded Romano cheese and the garlicky croutons that provide a much-appreciated crunch. JULIA MOSKIN"
Farmer in the Deli,Chopped salad sandwich,‘Let Me Get Uhh…’,0,https://static01.nytimes.com/newsgraphics/2024-05-21-sandwich/_images/deli4-@@-300.webp,https://www.nytimes.com/shared/v2/interactive/2024/dining/best-nyc-sandwiches/farmer-in-the-deli.html,357 Myrtle Avenue (Adelphi Street),https://www.instagram.com/farmerdeli1/,11,"What makes a tuna or chicken salad sandwich so good? The combination of ingredients, sure, but also the perfect distribution of ingredients, made possible only by chopping everything to bits. Farmer in the Deli asks the question: What if that same ethos was applied to any sandwich? Turkey, bacon, lettuce, provolone, salt, vinegar and tomatoes? Chopped. No longer a sandwich as you might have imagined it, but the sandwich you didn’t know you were waiting for. NIKITA RICHARDSON"
BKLYN Larder,Prosciutto & butter,‘Let Me Get Uhh…’,0,https://static01.nytimes.com/newsgraphics/2024-05-21-sandwich/_images/deli2-@@-300.webp,https://www.nytimes.com/shared/v2/interactive/2024/dining/best-nyc-sandwiches/bklyn-larder.html,228 Flatbush Avenue (Bergen Street),https://bklynlarder.com/,9,"This is one of the borough’s best bites, and it’s not just because of the ham. To be sure, it’s got a prosciutto of provenance, made from whey-fed Parma pigs and cured for 36 months before being shipped across the Atlantic. But just as important is the exquisite Rodolphe Le Meunier butter (affectionately nicknamed R.L.M. on the Larder’s menu), which is handmade in France in wooden churns and seasoned with fleur de sel. Then there’s the Runner & Stone sourdough baguette — thinner, chewier and crisper than many of its ilk. Still, the magic comes together in the sandwich’s construction: Equal parts creamy butter and salty ham are slathered on the bread and layered into a filling almost as thick as the baguette slices themselves. It’s substantial but not at all overwhelming, a lovingly made Brooklyn take on an elegant classic. MELISSA CLARK"
Foster Sundry,Porchettaboutit,‘Let Me Get Uhh…’,0,https://static01.nytimes.com/newsgraphics/2024-05-21-sandwich/_images/italian4-@@-300.webp,https://www.nytimes.com/shared/v2/interactive/2024/dining/best-nyc-sandwiches/foster-sundry.html,215 Knickerbocker Avenue (Troutman Street),https://www.fostersundry.com/,16,"The 2016 closing of Porchetta, the chef Sara Jenkins’s ode to roasted pork in the East Village, was something of a hyperlocal, food-related tragedy. But a successor quietly appeared in 2015: Foster Sundry, an upscale shop in Bushwick from a Murray’s Cheese alumnus. All the meats are butchered and prepared in-house, including the smoked porchetta rubbed down with what the owner, Aaron Foster, calls “a luxurious amount” of fennel pollen imported from Italy and served with arugula, fennel mayo and pickled fennel, all of it cut through with lemon and garlic. Foster Sundry may have been born of Brooklyn’s peak artisanal era, when everything was small-batch or bust, but its longevity proves that well-made sandwiches are not just a passing fad. NIKITA RICHARDSON"
Salty Lunch Lady’s Little Luncheonette,Dill Party,Diner Party,1,,https://www.nytimes.com/shared/v2/interactive/2024/dining/best-nyc-sandwiches/salty-lunch-ladys-little-luncheonette.html,,,,"As long as Dria Atencio has been cooking — about 15 years — she has been dreaming up sandwiches. (“I have books and books and books of sandwich ideas,” she said.) Those dreams became reality at her restaurant in Ridgewood, where she serves this maximalist sandwich featuring house-brined turkey, dill mayonnaise, dill havarti, dill pickles and avocado. The Salty Lunch Lady operation is small, so there’s usually a short wait for your sandwich, but that just means starting with dessert — s’mores icebox cake, airy Pavlova or banoffee pie from an old-school rotating display case — while you wait. NIKITA RICHARDSON"
Golden Diner,Chicken katsu club,Diner Party,0,https://static01.nytimes.com/newsgraphics/2024-05-21-sandwich/_images/diner1-@@-300.webp,https://www.nytimes.com/shared/v2/interactive/2024/dining/best-nyc-sandwiches/golden-diner.html,123 Madison Street (Market Street),https://www.goldendinerny.com/,19,"There’s not a sandwich at Golden Diner that doesn’t merit an interminable brunch-rush wait. Take the chicken katsu club, which integrates the chicken katsus the owner and chef, Sam Yoo, grew up eating into a classic diner club. He starts with three slices of soft, Japanese-style milk bread and composes a two-layer sandwich, creating a Kewpie-mayo-sweetened BLT on one side and the katsu elements on the other: panko-crusted chicken thighs, cabbage slaw and Bull-Dog tonkatsu sauce. Consider just the cabbage. It’s sliced; salted, 2 percent by weight, to remove excess moisture; then rehydrated and seasoned with housemade Thousand Island dressing that uses bread and butter pickles from the Pickle Guys. “For every sandwich we do, our R&D process is similar to when we were in fine dining,” Mr. Yoo said. Because each detail has been perfected, each bite is perfect. ALEXA WEIBEL"
Agi’s Counter,Confit tuna melt,Diner Party,0,https://static01.nytimes.com/newsgraphics/2024-05-21-sandwich/_images/diner2-@@-300.webp,https://www.nytimes.com/shared/v2/interactive/2024/dining/best-nyc-sandwiches/agis-counter.html,818 Franklin Avenue (Union Street),https://agiscounter.com/,17,"The devotion to this sandwich is so great that even joking about taking it off the menu — as the chef Jeremy Salamon did this past April Fools’ Day — can send diners into a tailspin. In its original iteration, the tuna melt was an open-faced tuna salad sandwich topped with matchstick fries. “I don’t know why we’re serving an open tuna sandwich when it really should be a tuna melt,” Mr. Salamon said to his sous-chef, before creating Agi’s now-beloved version. Oily, slow-cooked tuna, alpine Cheddar, pickled peppers, celery, dill and Kewpie mayo come on toasted, pillowy Pullman bread, with a small cup of cutting French mustard for every last bite. It’s an ever-so-slightly-elevated take that proves that, maybe, it is worth trying to build a better mousetrap. NIKITA RICHARDSON"
S & P Lunch,Tuna salad,Diner Party,0,https://static01.nytimes.com/newsgraphics/2024-05-21-sandwich/_images/diner5-@@-300.webp,https://www.nytimes.com/shared/v2/interactive/2024/dining/best-nyc-sandwiches/s-p-lunch.html,174 Fifth Avenue (West 22nd Street),https://sandwich.place/,13,"There’s a reason the tuna melt at S & P Lunch has a devoted audience, and that reason is the tuna salad. Take away the American cheese and what you’re left with is a model of the smooth, soft, mild, reassuring, ungentrified type of tuna salad that prevailed before the rise of aspirational mix-ins like pimentón and grapes. Like an expensive mattress, it is neither too soft nor too firm, and an encounter with it can fix aches and cricks you didn’t know you had. PETE WELLS"
The Commerce Inn,Patty melt,Diner Party,0,https://static01.nytimes.com/newsgraphics/2024-05-21-sandwich/_images/diner4-@@-300.webp,https://www.nytimes.com/shared/v2/interactive/2024/dining/best-nyc-sandwiches/the-commerce-inn.html,50 Commerce Street (Barrow Street),https://www.thecommerceinn.com/,18,"It’s the small details that separate good sandwiches from sandwiches you’d cross four lanes of traffic for. The patty melt that Jody Williams and Rita Sodi came up with for the Commerce Inn is a prime example. Unlike so many patty melts one meets, it hasn’t got any dry corners or meatless edges or dull patches. Note the texture of the beef — hand-chopped, like tartare, so it’s tender and unstringy. See how the patty stretches all the way to the edge of the rye bread and a little beyond. Taste the salt and pepper in the meat (“Season it like you would a steak,” Ms. Williams said) and the rosemary in the caramelized onions. Somebody has thought about these and countless other small details — small, but not minor. PETE WELLS"
Little Kirin,The pho sandwich,Honorary New Yorkers,1,,https://www.nytimes.com/shared/v2/interactive/2024/dining/best-nyc-sandwiches/little-kirin.html,,,,"Do most soups translate into sandwiches? Perhaps, but that doesn’t mean they should. Gimmicky but legit, Little Kirin’s pho sandwich is a rare exception. The chef, Brendan Tran, takes the elements of pho (paper-thin slivers of brisket, shaved white onion, chopped scallions and cilantro, fried shallots and hoisin) and nixes rice noodles for a ciabatta sub. Heavily seasoned with star anise, the accompanying broth (sold separately, by customer demand) is as good as that of any pho in the city, and completes the soup-to-sandwich concept for a French dip-meets-pho moment. The meat braises for six hours and the lucent broth is simmered separately; this sandwich takes no shortcuts. ALEXA WEIBEL"
Spice Brothers,Shawarma East pita,Honorary New Yorkers,0,https://static01.nytimes.com/newsgraphics/2024-05-21-sandwich/_images/adopted2-@@-300.webp,https://www.nytimes.com/shared/v2/interactive/2024/dining/best-nyc-sandwiches/spice-brothers.html,110 St. Marks Place (Avenue A),https://spicebrothersny.com/,17,"In a city where shawarma often serves as a late-night snack to curb tomorrow’s hangover, Spice Brothers takes the popular Middle Eastern street food very seriously. Every element of the sandwich — the spit it’s roasted on, the single origin of the spices that perfume the meat, the spelling of tahina — has been fussed over. But it’s not so precious that it doesn’t fit in perfectly on the eternally scruffy strip that is St. Marks. NIKITA RICHARDSON"
Thanh Da I,Bánh mì xiú mai,Honorary New Yorkers,0,https://static01.nytimes.com/newsgraphics/2024-05-21-sandwich/_images/adopted1-@@-300.webp,https://www.nytimes.com/shared/v2/interactive/2024/dining/best-nyc-sandwiches/thanh-da-i.html,6008 Seventh Avenue (60th Street),,9,"Thanh Da on Seventh Avenue in Sunset Park has a long list of pho, bún and cháo, but the reliable all-star is No. 4 on the sandwich list: the bánh mì xiú mai, or Vietnamese-style meatball sandwich. The nine-inch crusty loaf comes stuffed with juicy meatballs, pink in the middle, with pickled carrots and radishes and bracing cilantro. Wash it down with a pleasingly bitter cà phê sũa dá, Vietnamese coffee rich with condensed milk. SARA BONISTEEL"
Hamburger America,Hot ham sandwich,Honorary New Yorkers,0,https://static01.nytimes.com/newsgraphics/2024-05-21-sandwich/_images/diner3-@@-300.webp,https://www.nytimes.com/shared/v2/interactive/2024/dining/best-nyc-sandwiches/hamburger-america.html,51 Macdougal Street (West Houston Street),https://hamburgeramerica.com/,7,"Admittedly, a ham sandwich is not an obvious thing to order at a place called Hamburger America. This burger counter, though, is animated by a deep regard for simple roadside foods, and makes its sandwiches with the same respect for local traditions as in its Oklahoma-style onion burgers. In the case of the hot ham, the tradition is Wisconsinian and began in Milwaukee, where bakeries would give away rolls with the purchase of a pound of ham on Sundays to lure in people on their way home from church. Hamburger America slices the meat thin and warms it on a flattop under a sheet of Swiss cheese. This goes on a hamburger bun rather than a roll baked that morning, which is too bad, but the bun is buttered and crisped to order in the vertical toaster that stands behind the counter. PETE WELLS"
Xi’an Famous Foods,Spicy cumin lamb burger,Honorary New Yorkers,0,https://static01.nytimes.com/newsgraphics/2024-05-21-sandwich/_images/adopted4-@@-300.webp,https://www.nytimes.com/shared/v2/interactive/2024/dining/best-nyc-sandwiches/xian-famous-foods.html,Multiple locations,https://www.xianfoods.com/,6,"Most people probably go to Xi’an Famous Foods for spicy hand-pulled noodles, but it’s a mistake to skip out on the cumin lamb burger — though it is entirely unlike the hamburger you’re thinking of. It starts with slightly risen bread that is cooked on a griddle and flipped like a pancake, resulting in a crispy brown exterior and a fluffy center that hugs the chunks of spicy cumin lamb. The cumin lamb, a signature item at the restaurant and a staple in Xinjiang, in northwest China, is a family recipe and one of the few dishes that Jason Wang, the owner, enjoyed as a child. CHRISTINA MORALES"
Cemitas El Tigre,Short rib barbacoa cemita,Honorary New Yorkers,0,https://static01.nytimes.com/newsgraphics/2024-05-21-sandwich/_images/adopted3-@@-300.webp,https://www.nytimes.com/shared/v2/interactive/2024/dining/best-nyc-sandwiches/cemitas-el-tigre.html,45-14 48th Avenue (46th Street),https://www.cemitaseltigre.com/,14,"In 2009, Danny Lyu took a vacation to Mexico, where in the city of Puebla he tried a cemita for the first time. That seeded-bun sandwich remained on his mind until 2011, when he created his own version and sold it at the Smorgasburg food market; in 2015, he opened Cemitas El Tigre in Sunnyside, home to a large Latino population, where he’s been welcomed with open arms. The thick sandwich is stuffed with a barbacoa made with short rib, similar to a version he ate in Mexico City. And it is served with most of its traditional elements, including bread — made at a nearby Mexican bakery — that is crustier than a hamburger bun. A layer of pinto bean purée is smeared on, along with a paste made with chipotle peppers and mayo. The barbacoa is topped with avocado, lettuce, tomato, pickled onions, the Mexican herb papalo and a cold mound of shredded Oaxacan cheese. CHRISTINA MORALES"
Tico’s Cuban American Cafeteria,Cubano sandwich,Honorary New Yorkers,0,https://static01.nytimes.com/newsgraphics/2024-05-21-sandwich/_images/adopted5-@@-300.webp,https://www.nytimes.com/shared/v2/interactive/2024/dining/best-nyc-sandwiches/ticos-cuban-american-cafeteria.html,151 Wilson Avenue (Suydam Street),http://ticocubancafe.com/,15,"The options for a proper Cuban sandwich in New York City are scant. Tico’s Cuban American Cafeteria, in Bushwick, is one of the few restaurants making the sandwich just as delicious as any you’d find in Miami. (Take it from me, a native Miamian.) Albert Teran, whose nickname is Tico, marinates pork cushion meat for a day in a mojo sauce made with fresh orange and lime juice, garlic and oregano. That pork is roasted and packed between Cuban bread from La Gran Via Bakery in Sunset Park, along with smoked ham, garlic and dill pickles, Swiss cheese and yellow mustard. Brushed with butter, the sandwich is pressed until the crust is crisp and the cheese is gooey. “I wanted to make the most authentic Cuban sandwich in New York City,” Mr. Teran said. CHRISTINA MORALES"
Lucia Alimentari,Focaccia sandwich,Honorary New Yorkers,0,https://static01.nytimes.com/newsgraphics/2024-05-21-sandwich/_images/italian2-@@-300.webp,https://www.nytimes.com/shared/v2/interactive/2024/dining/best-nyc-sandwiches/lucia-alimentari.html,301 West Broadway (Canal Street),https://www.instagram.com/lucia.alimentari,12,"It’s been only a few months since this Italian cafe and provisions shop opened in SoHo, and already it’s serving one of the city’s best new Italian sandwiches. Made with mortadella, rosemary ham and hot soppressata — all imported from Italy — it also includes sweet roasted red peppers, made in-house, a drizzle of balsamic vinegar for tartness and a Calabrian chile mayo that adds a subtle heat. The only thing that varies daily is the cheese, which could be either provolone, fontina or burrata. “It’s our discretion to see what we’re feeling,” said Salvatore Carlino, the owner and founder, who also operates Lucia Pizza next door. But the real star is the fresh, pillowy focaccia, made crunchy with flakes of salt. CHRISTINA MORALES"
Datz Deli,Oxtail Macpatty,Extremely Online,1,,https://www.nytimes.com/shared/v2/interactive/2024/dining/best-nyc-sandwiches/datz-deli.html,,,,"The Macpatty is one of those sandwiches that is greater than the sum of its parts, though those parts — pillowy coco bread, a crunchy patty, oxtail mac and cheese — are pretty good as well. Joshua Dat, who owns the shop with his family, knew that his Guyana-born father, Ganesh, who’d spent much of his life working in other people’s Caribbean restaurants, had the skills to make all the requisite parts. But leave it to a millennial, first-generation American to repackage it all to the tune of viral TikTok fame, generating hundreds of thousands of dollars in monthly sales and a small expansion from Hollis, Queens, to the Lower East Side. It’s a story that has played out time and again in New York City, but it’s never any less magical when it happens. NIKITA RICHARDSON"
Bark Barbecue,Chopped chicharrón and brisket sandwich,Extremely Online,0,https://static01.nytimes.com/newsgraphics/2024-05-21-sandwich/_images/onlyny6-@@-300.webp,https://www.nytimes.com/shared/v2/interactive/2024/dining/best-nyc-sandwiches/bark-barbecue.html,"55 Water Street (Dock Street), Fifth Floor",http://instagram.com/bark_barbecue,18,"We all had our pandemic-era hyperfixations: sourdough baking, roller-skating, “The Queen’s Gambit.” For Ruben Santana, it was an obsession with barbecue that also reflected his Dominican roots. What does Dominican American barbecue look like? A take on tres golpes, maduros as a side dish and this sandwich, which is a nod to both Santo Domingo and Central Texas. (Mr. Santana was inspired to start barbecuing after watching a video about the chef Aaron Franklin.) The success lies in the combination of crispy pork, fatty brisket, pickled onions and a slather of a sauce made with Constanzera Melaza, a popular brand of Dominican molasses, for a touch of sweetness — something completely different and completely familiar. NIKITA RICHARDSON"
Syko,Bulgogi Fatboy,Extremely Online,0,https://static01.nytimes.com/newsgraphics/2024-05-21-sandwich/_images/onlyny2-@@-300.webp,https://www.nytimes.com/shared/v2/interactive/2024/dining/best-nyc-sandwiches/syko.html,126 Windsor Place (Prospect Park West),https://www.sykorestaurant.com/,20,"To be fair, a rubber ball wrapped in a flaky scallion pancake would taste great. But at this tiny Brooklyn storefront serving both Korean and Syrian food (sometimes together), the Bulgogi Fatboy feels particularly special. The sandwich is a hulking specimen bursting at the seams with savory, soy-and-ginger laced beef, lettuce, rice and a gochujang-based sauce. It’s hangover food that still manages to taste fresh and bright. The flavors of bibimbap meet the anatomy of a shawarma. Most notably: It is easily two (if not three) meals in one sandwich, so make sure you leave with extra sauce. PRIYA KRISHNA"
Rowdy Rooster,Lil’ Rowdy and Big Rowdy,Extremely Online,0,https://static01.nytimes.com/newsgraphics/2024-05-21-sandwich/_images/onlyny4-@@-300.webp,https://www.nytimes.com/shared/v2/interactive/2024/dining/best-nyc-sandwiches/rowdy-rooster.html,Multiple locations,https://www.rowdyrooster.com/,9,"Both portions of the Rowdy stand out in a city that over the past few years has become thick with chicken sandwiches. One of this Manhattan chain’s tricks is to treat chicken like a pakora by coating it in a spiced batter dominated by chickpea flour. This produces a rugged and remarkably sturdy shell that maintains its crunch even as it laps up Rowdy Rooster’s fire-breathing chile butter. Pickled onions and mint chutney are brought to bear, too. Yogurt blended with scallions does the job often performed by mayonnaise, and does it in a more interesting way. PETE WELLS"
Cocoron Market,Mille-feuille pork katsu sando,Extremely Online,0,https://static01.nytimes.com/newsgraphics/2024-05-21-sandwich/_images/onlyny5-@@-300.webp,https://www.nytimes.com/shared/v2/interactive/2024/dining/best-nyc-sandwiches/cocoron-market.html,61 Delancey Street (Allen Street),https://www.cocoronandgoemon.com/,11,"The husband-and-wife duo Mika Ohie and Yoshihito Kida have been serving soba at Cocoron since 2011. They’ve since moved the soba restaurant down the street and opened Cocoron Market in the original space on the Lower East Side, where they’re now serving bento boxes, ramen and stellar Japanese sandwiches. There aren’t a thousand layers of fried pork in their “mille-feuille” pork katsu sando, only six, but you wouldn’t want any more. Rich with Japanese mayo and katsu sauce that seeps into fluffy white bread, it’s a delight to dig into on a bar stool, or hunched over standing outside on the Delancey Street sidewalk. BECKY HUGHES"
Bonnie’s,Char siu BK Rib,Extremely Online,0,https://static01.nytimes.com/newsgraphics/2024-05-21-sandwich/_images/onlyny1-@@-300.webp,https://www.nytimes.com/shared/v2/interactive/2024/dining/best-nyc-sandwiches/bonnies.html,398 Manhattan Avenue (Frost Street),https://www.bonniesbrooklyn.com/,28,"This ingenious cross between the sticky-sweet dim sum staple char siu and a certain famous fast-food sandwich received so much glowing attention when it landed at this Cantonese American restaurant in Williamsburg that McDonald’s sent a cease-and-desist letter to the chef Calvin Eng in November. Now, the dish formerly known as the Char Siu McRib is the char siu BK Rib, but it remains the top seller, and for good reason. It takes three days to marinate and steam the ribs, which are deboned and paired with a sesame milk bun, a smear of Chinese hot mustard, sliced onion and bread-and-butter pickles. The pork melts into the bun, and the pickles and spicy mustard bring tangy, sharp relief. PRIYA KRISHNA"
